context_no;fairytale;unmarked;intuitive;MCI;SEV
1;In einem Königreich lebte ein junger König, der ritt jeden Morgen auf einen hohen Hügel hinauf. Von dort aus konnte er bis an die Grenzen seines Reiches blicken. Als er wieder einmal hoch zu Ross über sein Land hinsah, erblickten seine Augen plötzlich einen Boten, der mit einem Brief winkte und durch die Felder auf ihn zu hastete.;Ein junger Chef fuhr jeden Morgen mit dem Aufzug auf die Dachterrasse seines Bürogebäudes und verbrachte dort einige Minuten. Von dort aus konnte er gut sein ganzes Firmengrundstück betrachten. Als er wieder einmal dort oben war und von seinem Liegestuhl aus die weite Aussicht betrachtete, brachte ihm ein Paketbote eine Sendung, die nur er persönlich in Empfang nehmen konnte.;Der rennende Bote eilte herbei.;Der rennende Bote schlenderte herbei.;Der rennende Bote klaffte weit auf.
2;Einst lebte eine weitbekannte Königin in einem fernen Lande, die wünschte sich, ihre Jugend und ihre Schönheit ewig zu erhalten. Dieser Wunsch wuchs von Tag zu Tag, je älter sie wurde. Drum verließ sie eines Tages ihr Schloss, denn sie hatte von einem Tempel fern ihres Königreiches gehört, dessen Bäder mit einem besonderen Heilwasser gefüllt waren, das ewige Jugend versprach. ;Eine prominente Schauspielerin aus den Vereinigten Staaten verspürte den starken Wunsch, ihre Jugendlichkeit und Schönheit weiter zu erhalten. Dies wurde ihr zunehmend wichtiger, je älter sie wurde. Aus diesem Grund begab sie sich schließlich auf Kur, denn sie hatte von einer bekannten Schönheitsklinik im Ausland gehört, deren spezielle Wellness-Bäder mit einem besonderen Heilwasser versetzt waren, welches einen Anti-Aging Effekt versprach. ;Das sprudelnde Heilwasser floss über die Frau.;Das sprudelnde Heilwasser vertrocknete in der Wanne.;Das sprudelnde Heilwasser schleifte am Wasserhahn.
3;Im Walde lebte einmal ein alter Jäger. Sein Hüttchen stand am Ende eines moosbewachsenen Weges, eingesäumt von dichten Tannen. Lange wohnte er dort schon allein. An einem Winterabend kehrte der Jäger gerade von einer Wanderung heim. Als er an seine Hütte gelangte, legte sich bereits die Nacht über das Land. Ehe er eintrat, klopfte er sich den Schnee vom Mantel.;Ein alleinstehender Förster lebte auf einem Waldgrundstück, wo er ein ruhiges, zurückgezogenes Leben führte. Das Forsthaus stand am Ende eines unbeleuchteten Weges, umgeben von engstehenden Tannen. An einem Abend im Winter kam der Förster gerade von seinem Kontrollgang zurück. Als er daheim ankam, war es schon dunkel. Bevor er die Haustür aufsperrte, klopfte er den Schnee von Mantel und Schuhen.;Der festgefrorene Schnee knirschte unter seinen Schuhen.;Der festgefrorene Schnee verflüssigte sich im Wald.;Der festgefrorene Schnee tänzelte im Wald.
4;In einem tiefen Tale, zwischen sieben hohen Bergen, lebte einmal ein altes Mütterchen, das braute in seiner Stube die wunderlichsten Säfte. Eines späten Abends klopfte ein Händler drei Mal laut und vernehmlich an seiner Tür. Er wollte dem Mütterchen tausend goldene Taler und eine gute Kuh geben, wenn es ihm eine Arznei ganz nach seinen Wünschen brauen würde.;In einem Dorf im Siebengebirge lebte eine Apothekerin, die in ihrem Geschäft auch ein kleines Labor hatte, wo sie Arzneien auf naturheilpflanzlicher Basis herstellte. Eines Abends kam kurz vor Geschäftsschluss der Vertreter eines Pharmakonzerns in die Apotheke. Er bot der Apothekerin tausend Euro Provision und eine gute Umsatzbeteiligung, wenn sie sich bereiterklärte, an der Entwicklung einer neuen Arznei mitzuwirken.;Die köchelnde Arznei dampfte stark. ;Die köchelnde Arznei erstarrte plötzlich.;Die köchelnde Arznei schlenderte umher.
5;An einem schönen Tage im Frühling feierte eine Prinzessin ihren Geburtstag. Der König wollte seiner Tochter zu diesem Fest einen besonders edlen Jagdhund schenken, den er von einer langen Reise für sie mitgebracht hatte. Doch als der König den Hund von einem Diener vorführen ließ, sagte die Prinzessin: „Pfui, die Farbe des Fells gefällt mir nicht.“ ;Die Tochter eines Firmenchefs feierte ihren zehnten Geburtstag. Als Geschenk kaufte ihr Vater ihr auf einer seiner ausgedehnten Auslandsreisen einen niedlichen Welpen und brachte ihn mit nach Hause. Als der Chef seiner Tochter den Hund aber vorführen wollte, sah sie ihn sich kurz an und bemerkte dann kritisch: „Nein, die Farbe des Fells gefällt mir nicht.“;Der aufgeregte Hund lief im Zimmer herum.;Der aufgeregte Hund döste auf dem Boden.;Der aufgeregte Hund kühlte die Umgebung.
6;Am Hofe des Königs lebte eine Amme, die hatte die Aufgabe, jede Nacht an der Wiege des jungen Prinzen zu wachen. Eines Abends schrie der Knabe laut und wollte sich gar nicht beruhigen. Als der junge Prinz vom vielen Schreien schon ganz erschöpft war, wickelte die Amme den Jungen in drei weiße Leinentücher und übergab ihn der Königin.;Eine Babysitterin hatte die Aufgabe, jeden Abend am Bett eines Kleinkinds zu wachen, bis es eingeschlafen war. Eines Abends schrie der kleine Bub sehr laut und ließ sich durch die Babysitterin überhaupt nicht beruhigen. Als er vom vielen Schreien schon ganz außer Atem war, wickelte sie den kleinen Jungen in eine warme Decke und rief seine Mutter an.;Der schreiende Junge zappelte heftig.;Der schreiende Junge pfiff vor sich hin.;Der schreiende Junge knarzte geräuschvoll.
7;Auf einem Gut lebte einmal eine junge Dienstmagd, die war in der ganzen Gegend bekannt für ihre außergewöhnliche Tüchtigkeit. Selbst wenn sie mit ihrer Arbeit fertig war, packte sie zu, wo immer man sie brauchte. So mühte sie sich, ohne zu klagen. Eines Morgens jedoch fühlte sich die Dienstmagd etwas schwach und blieb in ihrem Bettchen liegen.;Eine junge Büroangestellte war in der ganzen Firma für ihr ehrgeiziges Wesen und ihren ausdauernden Fleiß bekannt. Selbst wenn sie mit ihrer eigenen Arbeit bereits fertig war, half sie ihren Kollegen noch aus. So arbeitete sie jeden Tag, ohne sich zu beschweren. Eines Morgens spürte sie eine beginnende Erkältung und beschloss, einen Tag lang im Bett zu bleiben.;Das eiserne Bett knarzte leise.;Das eiserne Bett splitterte plötzlich.;Das eiserne Bett lief herum.
8;Ein Edelmann wollte auf seine alten Tage noch einmal heiraten. Er wünschte sich ein junges Weib, mit Haaren, fein und hell wie gesponnenes Gold, und Augen, blau und tief wie das Meer. Dies ließ er seinen Boten durchs Land reisen, um eine Gemahlin für ihn zu finden. Als der Bote bei der ersten Frau klopfte, öffnete sie ihm die Tür.;Ein wohlhabender alter Mann hatte es sich in den Kopf gesetzt, unbedingt noch einmal zu heiraten. Er wünschte sich eine junge Frau mit hellblonden, glatten Haaren und blauen Augen. Er beauftragte seinen Privatsekretär mit der Suche nach einer geeigneten Partnerin. Der Privatsekretär gab eine Kontaktanzeige auf und fuhr bald darauf zur ersten Interessentin, die auf sein Klingeln die Tür öffnete.;Die stehende Frau winkte dem Besucher.;Die stehende Frau schwamm dem Besucher entgegen.;Die stehende Frau dampfte vor dem Besucher.
9;Ein Schuster und seine Frau wünschten sich lange vergeblich ein Kind, denn es ward ihnen noch keines geschenkt. Eines Tages hörten sie von einem alten Kräuterweib, das in solchen Dingen Rat wusste. Sie besuchten das Weiblein und es gab der Frau des Schusters ein trockenes Kraut zu essen. Schon im nächsten Sommer gebar sie einen kräftigen Sohn.;Ein Ehepaar wünschte sich lange vergeblich ein Kind, denn sie hatten schon immer gehofft, eine Familie zu gründen. Eines Tages hörten sie von einem Arzt, der auf künstliche Befruchtung spezialisiert war. Sie vereinbarten einen Termin für eine solche Behandlung, die bereits beim ersten Versuch erfolgreich verlief. Neun Monate später brachte die Frau einen gesunden Sohn zur Welt.;Der neugeborene Sohn schlief tief und fest.;Der neugeborene Sohn redete mit seinem Vater.;Der neugeborene Sohn ergrünte in der Wiege.
10;Auf seiner langen Reise durch ein fernes Land verliebte sich der stattliche Prinz in die wunderschöne Tochter eines fremden Grafen. Bald reiste der Prinz zurück in sein Königreich. Hier schrieb er dem Grafen jeden Tag einen neuen Brief, mit dem Wunsch, sich mit seiner Tochter vermählen zu dürfen. Da ging der Vater zu seiner Tochter, um ihr davon zu erzählen.;Ein gut aussehender Manager verliebte sich bei einer Geschäftsreise nach Ägypten in die attraktive Tochter seines Businesspartners. Wenig später reiste der Manager zurück in sein Heimatland. Von dort schrieb er seinem Businesspartner jeden Tag eine E-Mail, mit der Bitte, um die Hand seiner Tochter anhalten zu dürfen. Der Vater ging zu seiner Tochter, um ihr von den Emails zu berichten.;Der gehende Vater pfiff vor sich hin.;Der gehende Vater schlief unruhig.;Der gehende Vater verglühte langsam.
11;Ein reicher Kaufmann hatte einmal eine Auseinandersetzung mit seinem Kammerdiener. Da beschloss der Diener, sich aufzumachen, um eine andere Anstellung zu suchen. Schließlich vernahm er, dass in einem kleinen Schlosse auf der anderen Seite des Flusses ein fleißiger und ergebener Kammerdiener gesucht werde. Da bot der Mann geschwind dem alten Fürsten, welcher nur noch im Bette lag, seine Dienste an.;Ein Architekt geriet wegen seiner Entwürfe immer wieder mit seinem Arbeitgeber in Konflikt. Daraufhin beschloss er, zu kündigen und sich eine andere Stelle zu suchen. In seiner Tageszeitung las er, dass im Nachbarort eine alte Adelsfamilie einen Architekten für die Sanierung ihrer alten Schlossanlage einstellen wollte. Er bewarb sich deshalb bei dem alten Fürsten, der nur noch im Bett lag. ;Der gehbehinderte Fürst hinkte durchs Zimmer.;Der gehbehinderte Fürst rannte durchs Zimmer.;Der gehbehinderte Fürst rieselte auf den Thron.
12;Vor langer Zeit lebte ein alter Gärtner, der sammelte nichts als Vasen und Töpfchen, große und kleine, feine und grobe, in allen Farben des Regenbogens. An der Wand seiner Kammer stapelten sich die Gefäße bis unter die Decke und kaum war noch Platz für seine übrigen Habseligkeiten. Ganz zuoberst aber lag ein gläserner Topf, an den der alte Gärtner nicht mehr heranreichte.;Ein pensionierter Gärtner, dessen Hobby das Handwerk des Töpferns, der Glasbläserkunst und der Keramik war, hatte in seiner Garage eine große Sammlung verschiedener Exemplare von ausgefallenen Blumentöpfen. Die Gefäße füllten an der Längsseite der Garage ein ganzes Regal, das bis zur Decke reichte. Auf dem obersten Regalbrett stand ein gläserner Topf, an den der pensionierte Gärtner nicht mehr heranreichte.;Der gläserne Topf erwitterte zunehmend.;Der gläserne Topf vermoderte sofort.;Der gläserne Topf vertrocknete völlig.
13;Es lebte früher ein König, der wünschte sich für seine Hofkapelle eine Sängerin. Lange hatte er vergeblich nach einem feinen Stimmchen gesucht, doch keine, die an seinem Thron gesungen hatte, vermochte sein Herz zu erfreuen. Endlich kam eine junge Küchenmagd an den Hof und als der König sie singen hörte, lud er sie zu einem Konzert. Das Mädchen war sehr beklommen.;Der Chef eines Musiklabels suchte für eine Band, die bei ihm unter Vertrag stand, eine neue Sängerin. Über einen längeren Zeitraum hinweg hielt er mehrere Castings ab, aber mit keiner Sängerin war er richtig zufrieden. Als er zufällig eine junge Putzfrau vor sich hinsummen hörte, überredete er sie kurzerhand zu einem Termin für ein Vorsingen. Dort war das Mädchen sehr eingeschüchtert.;Das stimmlose Mädchen beobachtete den Mann.;Das stimmlose Mädchen sang auf der Bühne.;Das stimmlose Mädchen flimmerte auf der Bühne.
14;Vor vielen Jahren trug es sich zu, dass ein Maler in das Haus eines reichen Edelmanns gerufen wurde. Dieser wollte ihn reich belohnen, wenn er ihm ein Gemälde von seiner Frau malen wollte. Also machte sich der Maler ans Werk. Doch als der Edelmann das fertige Bild sah, erkannte er seine Gemahlin nicht und warf das Gemälde ins Kaminfeuer.;Ein namhafter Portraitmaler wurde in die Villa eines Privatiers gerufen. Dieser machte ihm ein finanziell äußerst lukratives Angebot dafür, ein schönes Bild von seiner Frau anzufertigen, das der Maler annahm. Als der Privatier aber nach der Atelierssitzung das fertige Gemälde sah, stellte er eine mangelnde Ähnlichkeit zwischen dem Abbild und seiner Frau fest und warf das Gemälde ins Kaminfeuer. ;Das brennende Gemälde verglühte allmählich.;Das brennende Gemälde verwitterte langsam.;Das brennende Gemälde zappelte herum. 
15;In einem Schloss lebte ein junges Burgfräulein, das plagte ein immer wiederkehrender leichter Schmerz in seinem zarten Körper. Da hörte es von einem Greis aus einem fernen Land, der ihm das Weh mit seiner Heilkunst austreiben wollte. So kam es, dass er es mit goldenen Schalen bedeckte und ihm einem Kräutersud aus Heilpflanzen auf dem Antlitz verrieb.;Eine junge Frau litt unter regelmäßig wiederkehrender Migräne. Sie hatte bereits mehrere Ärzte und Heilpraktiker aufgesucht, aber keiner hatte sie erfolgreich behandeln können. Schließlich hörte sie von einem Alternativmediziner, der für die Erfolge seiner unkonventionellen Behandlung von Migräne sehr bekannt war, und vereinbarte einen Termin mit ihm. Zur Entspannung begann er mit einer Klangschalentherapie und einem homöopathischen Kräutersud.;Der frische Kräutersud duftete lieblich. ;Der frische Kräutersud faulte auf dem Gesicht.;Der frische Kräutersud klemmte fest.
16;In einem tiefen Walde lebten einmal viele Wölfe. In zwei mächtigen Rudeln schlichen sie umher und fraßen, was immer sie zu fassen bekamen. Mit den Jahren wurden es mehr und mehr, bis endlich der Wald zu klein wurde, sie alle zu ernähren. Da begegneten sich die beiden Leitwölfe und kämpften, bis der Schwächere unterlag und aus dem Walde floh. ;In einem Nationalpark gab es eine beträchtliche Anzahl von Wölfen, die in zwei große Rudel unterteilt waren und den Bestand an anderen Arten im Park stark dezimierten. Die Population vermehrte sich so stark, dass die Fläche und das Nahrungsangebot nicht mehr für beide Rudel ausreichten. Nach einer Reihe von Kämpfen zwischen den beiden Rudelführern wurde der schwächere Wolf vertrieben.;Der fliehende Wolf rannte durch den Forst.;Der fliehende Wolf träumte vor sich hin.;Der fliehende Wolf flatterte auf der Stelle.
17;Einst trug es sich zu, dass ein Geselle durch einen Fluss schwimmen wollte, der war tief und breit. Er ließ sich an den Zweiglein des Ufers in den Strom hinab und trieb zur anderen Seite hinüber. Da erblickte ein Fischer auf seinem Boot den Gesellen und warf ihm eine Leine zu, denn er dachte, dass der Geselle Hilfe brauche.;Ein junger Mann beschloss, durch einen tiefen Fluss zu schwimmen. Wie Augenzeugen berichteten, ließ sich der Mann zuerst an den Ästen der Uferböschung herunter ins Wasser, und trieb dann zur anderen Seite hinüber. Eine Gruppe von Polizisten nahm irrtümlich an, dass er in Not sei und Hilfe brauchte, und versuchte ihn mit einer Leine aus dem Wasser zu holen.;Die nasse Leine schwamm an der Oberfläche.;Die nasse Leine verglühte an der Oberfläche.;Die nasse Leine eilte den Fluss hinunter.
18;Es lebte einmal ein Kutscher, der diente einem mächtigen König. Auf Geheiß des Herrschers putzte er das edelste Pferd bis tief in die Nacht so blank, dass es über und über im Licht der Fackeln glänzte. Doch als er das Ross am nächsten Morgen anspannen wollte, da sah der Mann, dass es auf einem Bein lahmte.;Ein Chauffeur in Staatsdienst bekam von höchster Stelle den Auftrag, einen wichtigen Diplomaten zu befördern. Bis tief in die Nacht polierte er seine beste Limousine so blank, dass man sich in ihrem Lack spiegeln konnte. Aber als er am nächsten Morgen aus der Garage fahren wollte, bemerkte der Mann, dass der Wagen einen platten Reifen hatte. ;Der erschöpfte Mann schimpfte vor sich hin.;Der erschöpfte Mann tänzelte durch die Gegend.;Der erschöpfte Mann verflüssigte sich langsam.
19;Ein junger Bauernsohn erbte von seinem Vater zwölf Kühe und drei Weiden. Einige Jahre bestellte er den Hof seines Vaters. Doch weil jeder Mann im Dorfe eine eigene Kuh hatte, wurde es ihm recht mühsam, Milch und Fleisch gut zu verkaufen. Da kam es ihm einmal in den Sinn, alle zwölf Kühe gegen sieben Zentner Weizen einzutauschen. ;Der Sohn eines Landwirts erbte von seinem Vater eine kleine Rinderzucht und ein Stück dazugehöriges Land. Einige Jahre führte er das Geschäft seines Vaters fort. Doch wegen Überangebots sanken die Milch- und Fleischpreise immer weiter. Da kam der junge Mann schließlich auf die Idee, das Zuchtgeschäft zu verkaufen und auf ökologischen Getreideanbau mit dem Schwerpunkt Weizen umzusteigen. ;Der keimende Weizen ergrünte auf dem Feld.;Der keimende Weizen welkte auf dem Feld.;Der keimende Weizen döste auf dem Feld.
20;Vor vielen Jahren lebte ein Kaiser, der besaß so viel Gold, Rubine und Smaragde, dass seine Gemächer nur so überquollen. Sein Schatz füllte viele Säle seines Schlosses. Eines Tages vermisste der Kaiser sein Hündchen.. Da ließ er alsbald im ganzen Lande verkünden, dass derjenige, der es ihm wiederbringe, zur Belohnung den wertvollsten Edelstein bekommen solle, den sein Schatz enthielt.;Das Vermögen eines Multimillionärs war derart immens, dass er seine große Schmucksammlung in mehreren Ausstellungsräumen unterbringen musste. Bereits mehrfach hatte er die Räumlichkeiten seiner Galerie ausbauen müssen. Als er eines Tages seinen Hund vermisste, erklärte der Multimillionär in einer großen Boulevardzeitung, dass derjenige, der ihm seinen Hund wiederbringt, einen Edelstein seiner Wahl aus dieser Sammlung aussuchen und behalten dürfe. ;Der unzerstörbare Edelstein flimmerte in tausend Farben.;Der unzerstörbare Edelstein zersprang in tausend Stücke.;Der unzerstörbare Edelstein duftete süß.
21;Vor langer Zeit lebte ein Hirtenbübchen, das war im ganzen Land bekannt für die klugen Antworten, die es trotz seiner jungen Jahre geben konnte. Niemand hatte ihm je eine Frage stellen können, die es nicht beantworten konnte. So kam es, dass das Kind in Länder nah und fern eingeladen wurde, damit ihm die Leute einmal eine Frage stellen konnten.;Der hochbegabte Sohn eines Viehzüchters war in ganz Deutschland für seine außergewöhnliche Intelligenz bekannt geworden, die er wiederholt mit der Lösung komplexer Probleme unter Beweis gestellt hatte. Es gab kaum Wissensgebiete, in denen er sich nicht auskannte. Deshalb wurde das Kind zu Talkshows verschiedener regionaler und nationaler Fernsehsender eingeladen, wo ihm vor laufender Kamera vom Moderator Wissensfragen gestellt wurden.;Das redegewandte Kind tänzelte aufgeregt herum.;Das redegewandte Kind nuschelte vor sich hin.;Das redegewandte Kind vermoderte zusehends.
22;In einem schönen Schloss lebte eine Gräfin viele, viele Jahre glücklich und zufrieden. Aber wie es so kam, gefiel es ihr plötzlich nicht mehr, und sie wünschte sich ein noch größeres und prächtigeres Schloss. Da schickte sie einen Diener, auf dass er ihren Wunsch erfülle. Als er an einem großen Anwesen vorüber kam, zogen dunkle Wolken auf.;Eine vermögende Frau lebte lange Zeit zufrieden in einer schönen Villa. Nach einigen Jahren jedoch gefiel ihr diese plötzlich nicht mehr, und sie beschloss in ein größeres, komfortableres Haus umzuziehen. Sie beauftrage daraufhin einen Makler mit der Suche nach ihrem persönlichen Wunschhaus. Als der Makler bei einem der von ihm verwalteten Anwesen vorfuhr, setzte heftiger Regen ein.;Das regenfeuchte Anwesen vermoderte allmählich.;Das regenfeuchte Anwesen flammte jäh auf.;Das regenfeuchte Anwesen schwamm eilig davon.
23;In einem Fürstentum lebte eine Prinzessin, die besaß tausend schöne Kleider. Eines Tages sollte sie den Prinzen zu einem Ball begleiten. Der Prinz fuhr in seiner Kutsche vor, doch die Prinzessin drehte und wendete sich über Stunden vor ihrem Spiegel und wusste nicht, in welchem Kleid sie am schönsten aussah. Da ließ der Prinz sein Kutschpferd stehen und ging zu ihr.;Eine junge Frau, die eine große Leidenschaft für Mode hatte, besaß einen ganzen Schrank voller schöner Kleider. Einmal war sie mit einem attraktiven Mann verabredet. Der Mann wollte sie mit einer Kutschfahrt überraschen, doch weil die Frau stundenlang vor dem Spiegel stand und sich nicht entscheiden konnte, was sie anziehen wollte, ließ der Mann das Kutschenpferd stehen und ging hinein. ;Das reglose Kutschpferd döste vor sich hin.;Das reglose Kutschpferd lief davon.;Das reglose Kutschpferd winkte den Passanten.
24;Es war ein alter Müller, der hatte eine Mühle, doch der Mühlbach war ausgetrocknet. Da rief er seine drei Söhne und sprach zu ihnen: „Es ist an der Zeit für euch, in die Welt hinauszugehen und euer Glück zu machen.“ Und er gab einem jeden von ihnen ein kleines Säcklein voll Mehl. Doch der jüngste Sohn ließ seinen Mehlsack fallen.;Der Besitzer eines Müllerbetriebs hatte nach einem schwierigen Geschäftsjahr beschlossen, die Firma zu verkaufen. Deshalb berief er seine Angestellten zu einer Besprechung ein und sagte ihnen, dass sie sich am besten anderswo bewerben sollten. Bevor sie gingen, gab er jedem von ihnen zur Erinnerung einen Sack Mehl aus dem Betrieb. Doch einer der Angestellten ließ aus Versehen seinen Mehlsack fallen.;Das staubtrockene Mehl rieselte aus dem Sack.;Das staubtrockene Mehl schimmelte augenblicklich.;Das staubtrockene Mehl sang ein Lied.
25;Ein Maurer hatte einmal zwei Töchter, die besorgten ihm den Haushalt. Die ältere Tochter war herrschsüchtig und ihr Haar war schwarz wie Ebenholz, doch die jüngere Tochter war gehorsam und still und ihr Haar war gülden wie Weizen. Eines Abends kam der Maurer erschöpft von der Arbeit heim. Drum legte er sich auf die Ofenbank. Da kam die jüngere Tochter herein.;Ein Maurermeister teilte seine Dreizimmerwohnung mit seinen beiden erwachsenen Töchtern, die ihm im Haushalt zur Hand gingen. Die ältere, dunkelhaarige Tochter kommandierte ihren Vater viel herum, während die jüngere, blonde Tochter versuchte, es ihm recht zu machen. Abends kam der Maurer erschöpft von der Arbeit nach Hause. Deshalb legte er sich im Wohnzimmer aufs Sofa, als gerade seine jüngere Tochter hereinkam.;Der ausruhende Maurer redete mit seiner Tochter.;Der ausruhende Maurer sprang herum.;Der ausruhende Maurer verwitterte mehr und mehr.
26;Im Dorfe lebte einmal ein Männlein, das war so klein gewachsen, dass die Leute lachten, wenn es zu ihrem Hause kam. Doch das Männlein besaß große Reichtümer, und wann immer jemand in Nöten war, kam es, um auszuhelfen. Jeder, der zu dem Männlein wollte, musste durch eine eiserne Gartenpforte treten, auf die der Schatten dreier hoher Eichen fiel.;In einer ländlichen Ortschaft lebte ein Mann, der sehr kleinwüchsig war, weshalb die anderen Anwohner sich oft über ihn lustig machten. Der Mann war äußerst vermögend und half altruistisch jedem aus, der in finanziellen Schwierigkeiten steckte. Um für einen Privatkredit bei ihm vorstellig werden zu können, musste man durch eine eiserne, im Schatten hoher Platanen gelegene Gartenpforte hindurchgehen.;Die schattige Gartenpforte rostete im Laufe der Jahre.;Die schattige Gartenpforte flimmerte in der Sonne.;Die schattige Gartenpforte schlief immer tiefer.
27;In einem Dorf lebte eine alte Frau, die besaß eine kleine Hütte und ein verwachsenes Kräutergärtchen. Das Kräutergärtchen aber war von sieben hohen Bäumen umringt und darin hatten sieben Vögel sieben Nester gebaut. In ihrem Hüttchen aber hielt die Frau einen seltenen Vogel in einem Käfig, der zwitscherte des Abends gemeinsam mit den Vögeln im Garten.;Eine ältere Dame hatte eine kleine Erdgeschosswohnung, vor der ein verwilderter Garten lag, in dem sie ein paar Kräuter anpflanzte. Im Garten stand ein hoher Baum, in dem ein Vogel nistete. In ihrer Wohnung hielt die Frau außerdem einen Kanarienvogel in einem Käfig. Jeden Abend öffnete die Dame das Fenster vor dem Käfig und beide Vögel zwitscherten gemeinsam.;Der eingesperrte Vogel sang sein Lied.;Der eingesperrte Vogel flog davon.;Der eingesperrte Vogel welkte dahin.
28;Ein Krämer hatte einen Garten, in dem Garten stand ein alter Baum, und unter dem Baum wuchsen drei kleine rote Rosen. Eines Tages kam die jüngste Tochter des Krämers in den Garten, und sie beugte sich nieder, um die Blümchen zu pflücken. Doch als sie die erste Rose brach, stach sie sich daran und ließ sie ins Gras fallen.;Im Garten eines Ladeninhabers stand ein Birnbaum, der jedes Jahr auch ohne den Einsatz von Kunstdünger reichliche Früchte trug und unter dem mehrere rote Rosen wuchsen. Irgendwann entschloss die jüngste Tochter des Ladeninhabers sich dazu, die Blumen abzuschneiden, und ging zu diesem Zweck in den Garten. Als sie die erste Rose abschnitt, stach sie sich und ließ sie fallen.;Die abgeschnittene Rose welkte vor sich hin.;Die abgeschnittene Rose ergrünte noch ein Mal.;Die abgeschnittene Rose träumte vor sich hin.
29;Eines Abends spät gingen zwei Geschwisterkinder einen langen Weg durch einen tiefen Forst. Bald wurden sie hungrig. Da kamen sie an ein Königsschloss, dessen Tor mit eisernen Nieten beschlagen war. Als sie da standen und schauten, sprach der ältere Knabe zu dem jüngeren: „Brüderlein, wir wollen anklopfen und die Wachen um etwas zu Essen bitten.“;Zwei Brüder machten spätabends einen ausgedehnten Spaziergang durch einen großen Wald. Nachdem sie eine Weile gegangen waren, bekamen sie Hunger. In diesem Moment kamen sie an einem vornehmen Einfamilienhaus vorbei, dessen Eingangstür mit einem Sicherheitsschloss verstärkt war. Da schlug der ältere Junge seinem Bruder vor, an der Tür zu klingeln und nach einem kleinen Imbiss zu fragen. ;Der trödelnde Bruder nuschelte eine Antwort.;Der trödelnde Bruder eilte zum Eingang.;Der trödelnde Bruder faulte innerlich.
30;Als der Fürstensohn heiraten wollte, ließ die alte Fürstin ein Fest ausrichten, zu dem die schönsten und reichsten Mädchen aus dem ganzen Reich geladen waren. Der Fürstensohn tanzte mit jeder, doch keine gefiel ihm. Da verließ er die Tafel und ging zu seinem Pferd. Vor dem Stall kauerte eine arme Magd und teilte ihr karges Mahl mit einer schönen weißen Taube. ;Da dem vielbeschäftigten Politiker die Zeit zur Partnersuche fehlte, meldete ihn seine Mutter bei einer Partneragentur an. Diese veranstaltete ein Speed-Dating, zu dem viele attraktive Kandidatinnen erschienen. Der Manager unterhielt sich mit allen, fühlte sich aber zu keiner hingezogen. Deshalb verließ er die Veranstaltung und ging zu seinem Auto. Vor dem Parkhaus kauerte eine obdachlose Frau und fütterte eine hübsche Taube.;Die flinke Taube flog davon.;Die flinke Taube hinkte davon.;Die flinke Taube knirschte vernehmlich.
31;Einst lebte ein junger Hirte, der hatte sieben weiße Schäfchen. Als er seine Herde jenseits des dunklen Waldes weidete, kam er an ein Bächlein mit kristallklarem Wasser. Um heimzukehren, musste der junge Hirte das Bächlein überqueren, doch ein Sturm hatte die alte Holzbrücke fortgeweht. Da setzte sich der Jüngling auf einen großen Baumstumpf und stützte den Kopf in die Hand. ;Ein Schafzüchter besaß zehn Alpenschafe. Nachdem die Herde tagsüber außerhalb der Ortschaft hinter einem Waldstück geweidet hatte, führte er sie zu einem Bach mit sehr sauberem Wasser. Um zurück zum Stall zu kommen, musste er den Wasserlauf überqueren, doch ein Unwetter hatte die Brücke einstürzen lassen. Der Schafzüchter dachte, auf einem Baumstumpf sitzend, über eine alternative Route zurück zum Stall nach.;Der verwesende Baumstumpf faulte im Regen.;Der verwesende Baumstumpf duftete stark.;Der verwesende Baumstumpf pfiff ein Lied.
32;Ein junger Herold ritt einmal auf seinem Pferde einen dunklen Weg entlang. Da begegnete ihm ein altes Bettelweib, das ihn um ein Almosen anging. Das Pferd des Herolds wieherte laut, doch sie sprach: „Guter Herr, wenn Ihr gütig zu mir seid, so will ich Euch reich belohnen.“ Der Herold griff nach seinem Geldbeutel, der in seiner Satteltasche steckte.;Ein junger Fernsehmoderator fuhr in der Dämmerung eine schlecht beleuchtete Straße entlang. Er bemerkte eine alte Bettlerin, die neben der nächsten Ampel stand. Beim Bremsen quietschte der Sportwagen merkwürdig, doch die alte Frau sagte: „Wenn Sie mir den Gefallen tun, werde ich mich erkenntlich zeigen.“ Der Fernsehmoderator griff daraufhin in seine Aktentasche, in der sich sein Geldbeutel befand.;Der fest verschlossene Geldbeutel klemmte unter einem Buch.;Der fest verschlossene Geldbeutel klaffte weit auf.;Der fest verschlossene Geldbeutel hinkte davon.
33;Ein Knecht hatte einmal einen schwarzen Ochsen vor den Pflug gespannt und pflügte die Erde auf dem Acker seines Herrn. Da sah er es in der Furche schimmern wie von Gold und begann danach zu graben. Er grub und grub und bald stand vor ihm ein güldener Topf, bis zum Rand gefüllt mit weißem Sand, den kippte er aus.;Ein Auszubildender in einem landwirtschaftlichen Betrieb fuhr mit seinem blauen Traktor auf das Feld, um die Erde zu pflügen. In der Erde sah er plötzlich etwas Metallenes glitzern, nahm einen Spaten und begann, es auszugraben. Er grub sehr lange und förderte eine große Kiste aus dem Erdreich, die aus Edelstahl bestand und weißen Sand enthielt, den er auskippte.;Der verklumpte Sand plumpste auf die Erde.;Der verklumpte Sand rieselte auf die Erde.;Der verklumpte Sand flammte plötzlich auf.
34;Ein alter Fischer hockte einmal am Teich vor seinem kleinen Haus, der warf seine Schnur aus wieder und wieder. In dem Teich waren sieben kleine Fischlein, doch keines wollte beißen. Da dachte er bei sich: „Wenn ich nicht hungern will, so muss ich ein Fischlein fangen.“ Da merkte der Fischer plötzlich, wie es an der Angel zog.;Ein alter Freizeitangler hockte am Teich vor seinem Grundstück und machte wiederholt Fangversuche. In dem Teich befanden sich einige Forellen, doch die Versuche blieben erfolglos. Da überlegte er sich: „Wenn ich heute Abend Fisch essen will, sollte mir ein Fang gelingen.“ Gerade als er das gedacht hatte, bemerkte der Fischer, dass eine der Forellen angebissen hatte.;Der zufriedene Fischer saß gelassen da.;Der zufriedene Fischer schimpfte über das Wetter.;Der zufriedene Fischer splitterte unerwartet.
35;Einst lebte eine Stiefmutter, die bat ihre Stieftochter, ihr bei der Arbeit auf dem Felde zu helfen. Als das Mädchen tief gebeugt Kräuterlein zupfte, kam ein weiser Alter des Wegs und sprach: „Gutes Kind, der Buckel steht dir recht schlecht. Wer gab dir solche Arbeit?“ Da legte sich die Stieftochter eine Weile auf ein Bänkchen und nickte ein.;Die neue Frau des Hausmeisters hatte viel zu tun und bat deshalb ihre Stieftochter, ihr die Arbeiten im Garten abzunehmen. Als das Mädchen den Rasen mähte, kam ein Rentner vorbei und sagte: „Halte dich aufrecht, Mädchen, nicht so gebückt. Wer hat dir denn die Plackerei verordnet?“ Das nahm die Stieftochter zum Anlass, sich ein kleines Weilchen hinzulegen, woraufhin sie einnickte.;Die schlummernde Stieftochter träumte süß.;Die schlummernde Stieftochter beobachtete den Alten.;Die schlummernde Stieftochter floss in die Erde.
36;Ein Fürst wollte Hochzeit halten. Seine Braut war schön und jung, und in einer roten Kutsche fuhren sie zum Festsaal. Die Kammerzofe freute sich für ihre Herrin und am Hochzeitstage begleitete sie die Jungvermählten. Als das Brautpaar aus der Kutsche stieg, vergoss die Zofe sieben Freudentränen, die neben den Brautkranz fielen, der zur Zierde an den Wagen gebunden war.;Ein wohlhabender Politiker heiratete seine junge und gutaussehende Verlobte. In einer großen schwarzen Limousine fuhren sie zum Standesamt. Vor dem Gebäude warteten bereits die zahlreichen Hochzeitsgäste. Eine langjährige Freundin, die von dem Ereignis sehr gerührt war, umarmte die Braut eine ganze Weile. Einige ihrer Freudentränen tropften neben den Brautkranz, der zum Schmuck an der Tür des Wagens befestigt war.;Der festgebundene Brautkranz vertrocknete in der Sonne;Der festgebundene Brautkranz plumpste zu Boden.;Der festgebundene Brautkranz erstarrte zu Stein.
37;Als der junge Stallbursche einst die Pferde getränkt hatte, kam der Rittmeister zu ihm und sprach: „Geh und hol das silberne Geschirr für den Schimmel.“ Da tat der Stalljunge, wie ihm geheißen. Als er das Pferd sattelte, zogen am Himmel dunkle Wolken heran und es blies ein gar starker Wind. Da traf ein heftiger Windstoß die Stalltür.;Der junge Lehrling in dem noblen Pferdegestüt hatte gerade das Trinkwasser nachgefüllt, als der Stallmeister ihm von der Stalltür aus zurief: „Mach das Pferd fürs Ausreiten bereit.“ Der Lehrling erfüllte den Auftrag. Während er das Pferd sattelte, bildeten sich am Himmel dunkle Wolken und ein starker Wind kam auf. Die Stalltür wurde von einem plötzlichen Windstoß getroffen.;Die leichtgängige Stalltür klaffte weit auf.;Die leichtgängige Stalltür knarzte laut.;Die leichtgängige Stalltür nuschelte vor sich hin.
38;Ein Zimmermann ging auf Wanderschaft. Er tauchte durch einen Fluss, wanderte durch drei Wälder und über sieben Felder. Er kam vor eine hohe Mauer und weit und breit war nur ein einziger Durchgang. Da erschien ein Männchen mit einer Schatulle aus Eibenholz und sprach: „Bitte nimm dies Kästchen auf die andere Seite der Mauer.“ Da nahm der arglose Zimmermann die Kiste.;Ein Zimmermann wollte seinen Urlaub auf einer Ferieninsel verbringen. Die Strecke legte er mit dem Flugzeug zurück. Bei der Passkontrolle musste er eine Weile warten. Da näherte sich ein kleiner Mann mit einem Aktenkoffer, zog ein Kästchen daraus hervor und sagte: „Bitte nehmen Sie das für mich mit über die Grenze.“ Arglos nahm der Zimmermann die Kiste an sich.;Der ruhige Zimmermann schlenderte zum Durchgang.;Der ruhige Zimmermann zappelte hin und her.;Der ruhige Zimmermann zersprang in zwei Teile.
39;Ein Tischlermeister hatte einst drei Söhne. Die beiden älteren erhoben sich jeden Morgen früh und halfen getreulich in des Vaters Werkstatt. Doch dem jüngsten Sohn, einem rechten Rotschopf, war die Arbeit nicht lieb. Einmal verbarg er sich im Wald, anstatt seinen Brüdern zur Hand zu gehen. Da suchten sie und suchten, bis der Rotschopf merkte, wie sie seinem Versteck näherkamen.;Ein Tischlermeister hatte drei Söhne, die im Geschäft mithalfen. Die beiden älteren arbeiteten hart. Aber der jüngste Sohn, ein rothaariger Junge, interessierte sich wenig für den Betrieb. Einmal zog er sich sogar in ein naheliegendes Waldstück zurück, anstatt wie seine Brüder zur Arbeit zu kommen. Diese suchten ihn lange, und schließlich merkte der Rotschopf, dass sie sich seinem Versteck näherten.;Der tatenlose Rotschopf erstarrte in seinem Schlupfwinkel.;Der tatenlose Rotschopf winkte seinen Brüdern.;Der tatenlose Rotschopf flog davon.
40;Bei einer Hofdame in Diensten lebte eine junge Magd, die war sehr arm. Ihr einziger Besitz war ein hölzernes Figürchen, das ihr die Großmutter gegeben hatte. Eines Nachts lag sie im Bettchen in ihrer Stube und besah sich das schöne Figürchen im Kerzenschein. Da glitt es ihr aus der Hand, fiel zu Boden und rollte über die Dielen. ;Eine junge Haushälterin hatte ein sehr geringes Nettoeinkommen. Doch sie besaß einige Gegenstände von persönlichem Wert, darunter eine kleine Holzfigur, die sie kürzlich von ihrer Oma geerbt hatte. Im Licht ihrer preiswerten Halogenlampe betrachtete sie nachts im Bett das schöne Figürchen. Da rutschte es ihr aus Versehen aus der Hand, plumpste auf den Boden und rollte unter den Nachttisch.;Das kullernde Holzfigürchen splitterte beim Aufprall.;Das kullernde Holzfigürchen klemmte in einer Ritze.;Das kullernde Holzfigürchen beobachtete das Geschehen.
41;Eine junge Herzogin spielte gern auf ihrer goldenen Flöte, denn die hatte ihr der Herzog zum Geschenk gemacht. Ihr Spiel war so rein, dass das Volk von nah und fern herbeiströmte, um die Musik zu hören. Da ließ der Herzog ein Fest ausrichten, wo sie spielen sollte. Doch als sie den Schlossbalkon betrat, strauchelte sie und ließ die Flöte fallen.;Die Frau eines erfolgreichen Musikproduzenten spielte mit Vorliebe auf ihrer goldenen Querflöte. Ihre Musik war so schön, dass Passanten häufig vor dem Haus anhielten und zuhörten, und bald wusste das ganze Viertel von ihrem Talent. Der Musikproduzent veranstaltete daraufhin ein Kiezfest, auf dem seine Frau auftreten sollte. Doch als sie die Bühne betrat, stolperte sie und ließ ihre Flöte fallen.;Die goldene Flöte zersprang auf dem Boden.;Die goldene Flöte rostete an mehreren Stellen.;Die goldene Flöte saß auf dem Boden.
42;Einmal kam ein Wandersmann durch einen Wald, der war sehr dunkel und tief. Er zog seinen Umhang fest zu und schritt langsam zwischen den hohen Eichenstämmen entlang. Alsbald kam er auf eine Lichtung, da wuchsen drei Pilze. Doch als er hinzutrat, sah er, dass sie in einem sumpfigen Tümpel standen. Weil er aber hungrig war, schnitt er einen Pilz ab.;Ein Wanderer durchquerte einen Wald, der sehr dicht und ausgedehnt war. Er zog den Reißverschluss seines Anoraks zu und drang langsam zwischen den Bäumen vor. Als er auf eine Lichtung kam, fand er dort einige essbare Pilze. Bei näherer Untersuchung stellte er fest, dass sie auf schlammigem Boden wuchsen. Der Wanderer schnitt einen Pilz ab und kostete ihn vorsichtig. ;Der ungenießbare Pilz schimmelte bereits.;Der ungenießbare Pilz mundete vorzüglich.;Der ungenießbare Pilz sprang aus dem Mund.
43;Einst lebte ein Schmied, der war sehr stark und fürchtete nicht das Feuer. Mit seinem Hammer hieb er aufs Eisen, dass Funken sprühten. Als er ein Tor schmieden sollte, sagte er zum Gesellen: „Mach Feuer und schüre es, bis die Flamme so heiß ist wie die Sonne.“ Dann nahm er ein großes Stück Eisen und warf das Metall in die Glut.;Ein Metallarbeiter des Stahlwerks war sehr muskulös und arbeitete mutig direkt an den Hochöfen. In seinem Schutzanzug rührte er das geschmolzene Eisen, bis Funken aus dem Schmelztiegel aufstiegen. Als ein Großauftrag eintraf, sagte er zu einem Auszubildenden: „Stell den Ofen auf maximale Hitze.“ Dann nahm er eine große Menge rohes Eisen, öffnete den Ofen und warf das Metall ins Feuer. ;Das weiche Eisen verflüssigte sich im Feuer.;Das weiche Eisen knirschte im Feuer.;Das weiche Eisen mundete vorzüglich.
44;Ein Bauer wollte Korn zur Mühle schaffen. Er nahm seinen Esel, lud drei Säcke auf und zog los. Schon sah er die Mühle, doch ein abgebrochener Ast lag über dem Weg. Da machte er aus einem Seil eine Schlinge und band sie an dem Ast fest. Dann zog und zog der Bauer und langsam rührte sich der Stamm.;Ein junger Bauer hatte vor, seine Ernte zu einer Getreidemühle zu bringen. Er belud seinen Transporter mit zahlreichen Paletten und fuhr los. Bereits in Sichtweite des Mühlengebäudes versperrte ein abgebrochener Ast, der quer über der Straße lag, die Fahrbahn. Er befestigte kurzerhand ein Seil an dem Ast. Dann zog der Bauer so kräftig, dass sich der Ast bewegte.;Der ziehende Bauer schleifte den Ast weg.;Der ziehende Bauer schob den Ast weg.;Der ziehende Bauer schimmelte ein wenig.
45;Eine Köchin richtete einst ein großes Festmahl für ihre Herrschaft aus. Schon im Morgengrauen kam sie in die Küche und begann mit der Arbeit. Sie rupfte und briet drei Fasane, backte sieben Kuchen und butterte hundert Brote. So war sie den ganzen Tag fleißig. Nach dem Fest legte die Köchin die Arbeit nieder und labte sich an den Resten des Festschmauses.;Für eine große Familienveranstaltung war die Mitarbeiterin eines Catering-Services mit den Vorbereitungen betraut. Schon morgens begann sie mit der Arbeit. Sie bereitete Geflügel-Braten zu, stellte Platten mit Häppchen zusammen und schlug Sahne für die Desserts. Damit war sie den ganzen Tag beschäftigt. Erst nach der Veranstaltung kam sie dazu, selbst etwas zu essen, und bediente sich an ihren übrig gebliebenen Speisen.;Der kalte Braten mundete ausgezeichnet.;Der kalte Braten dampfte stark.;Der kalte Braten schob sich davon.
46;In einem kleinen Häuschen lebte einst eine Mutter mit ihren drei Kindern. Eines Abends im Winter vergaß sie, Holz ins Feuer zu geben. Am Morgen fand sie nur noch eine kleine Glut. Da begann die Mutter rasch, das Feuer wieder anzufachen. Sie legte Holzscheite auf die Glut und nahm ein Fläschchen mit Öl, das in der Kälte hart geworden war.;Eine Mutter bewohnte mit ihren Kindern eine Altbauwohnung mit Ofenheizung. An einem kalten Abend im Winter vergaß sie, Holz in den Ofen zu legen. Am Morgen war das Feuer stark heruntergebrannt. Die Mutter wollte das Feuer schnell wieder in Gang bringen. Sie legte Holz in den Ofen und nahm eine Flasche Brennöl, das durch die Kälte klumpig geworden war.;Das geronnene Öl flammte sofort auf.;Das geronnene Öl floss aus dem Ofen heraus.;Das geronnene Öl rannte davon.
47;In einem Wald lebte einst ein Räuber, der wurde eines Tages von den Landsknechten gefangen genommen. Sie banden ihm die Hände auf den Rücken und fuhren ihn auf einem Karren durchs Dorf, um ihn ihrem Herrn vorzuführen. Da sann er darauf, wie er entkommen könne. Als die Landsknechte einen Moment unachtsam waren, versuchte der Räuber sein Glück und floh.;Ein Bankräuber hielt sich nach einem Coup in einem Waldstück versteckt, wo er von der Polizei aufgegriffen wurde. Die Polizisten legten ihm Handschellen an und transportierten ihn in einem Einsatzfahrzeug zum Präsidium. Während der Fahrt suchte der Räuber eine Fluchtmöglichkeit. Als die Polizisten wegen eines Staus einen Moment abgelenkt waren, nutzte er die Gelegenheit und versuchte, den Polizisten zu entkommen.;Der fliehende Räuber sprang auf den Weg.;Der fliehende Räuber saß bequem.;Der fliehende Räuber rostete vor sich hin.
48;An einem breiten Flusse lebte einst ein Fährmann, der brachte mit seinem Schiffchen die Leute von einem Ufer ans andere. Eines Morgens stand auf der anderen Flussseite eine alte Frau, die rief: „Hol über.“ Da stieg der Fährmann in sein Boot und ruderte hinüber. Als er das andere Ufer erreichte, traf ihn ein heftiger Windstoß, der machte das Boot schwanken.;An einem Fluss betrieb ein Schiffer eine kleine, altmodische Fähre, indem er mit einem Ruderboot von Ufer zu Ufer übersetzte. Eines Morgens signalisierte ihm eine Rentnerin am anderen Ufer durch Handzeichen, dass sie den Fluss überqueren wollte. Daraufhin ruderte der Fährmann hinüber. Am anderen Ufer erfasste ihn ein plötzlicher Windstoß, der das Boot schaukelnd auf den Fluss hinaus trieb.;Der heiße Windstoß schob das Boot vor sich her.;Der heiße Windstoß kühlte das Wasser.;Der heiße Windstoß plumpste zu Boden.
49;In einem dunklen Wald lebte einst ein Holzfäller, der wollte er eine große Eiche fällen. Mit seiner Axt hieb er in den Stamm, doch das Holz war fest und am Abend war die Eiche noch nicht gefallen. Da ging der Holzfäller müde heim. Seine Frau sah, dass er erschöpft war, und band ihm warme Wickel fest um die Waden.;Ein Waldarbeiter hatte vor, einen großen Baum zu fällen. Er nahm seine Axt und begann, eine Kerbe in den Stamm zu schlagen. Das Holz war jedoch sehr widerstandsfähig, sodass der Waldarbeiter die Arbeit abends abbrach und müde nach Hause ging. Als seine Frau sah, wie erschöpft er war, machte sie warme Wickel und band sie fest um seine Waden. ;Der eng anliegende Wickel kühlte das Bein.;Der eng anliegende Wickel flatterte davon.;Der eng anliegende Wickel schimpfte mit dem Bein.
50;Einst lebte in einer kleinen Stadt ein Schneider, der wollte seiner Frau ein Geschenk machen. Er hatte ihr ein Tuch mit einem goldenen Faden bestickt und bestieg damit einen Turm. Von dort rief er seine Frau und warf das Tuch aus, auf dass es langsam zu ihr hinabschwebte. Die Frau blickte hinauf und sah das Tuch durch die Luft gleiten.;Ein Textilhändler wollte seiner Frau eine romantische Überraschung bereiten. Er hatte ein wertvolles Tuch für sie ausgesucht und sich damit auf ein Hochhaus begeben. Dort oben breitete er das Tuch aus, warf es über die Brüstung und ließ es zu seiner Frau hinabgleiten. Diese war unten in einem Café und sah hinauf, wie das Tuch aus der Höhe zu ihr schwebte.;Das schwebende Tuch flatterte im Wind.;Das schwebende Tuch schleifte auf dem Boden.;Das schwebende Tuch redete zu der Frau.
;;;;;
;;;;;
;;;;;
;;;;;